{
    "utterances": [
        {
            "text": "Chatrooms",
            "entities": [],
            "traits": [],
            "intent": "get_chatrooms"
        },
        {
            "text": "Give me the 2 latest messages",
            "entities": [
                {
                    "entity": "wit$number:number",
                    "start": 12,
                    "end": 13,
                    "body": "2",
                    "entities": []
                }
            ],
            "traits": [],
            "intent": "get_messages"
        },
        {
            "text": "Give me the latest post in Babcock Banter",
            "entities": [
                {
                    "entity": "chatrooms:chatrooms",
                    "start": 27,
                    "end": 41,
                    "body": "Babcock Banter",
                    "entities": []
                }
            ],
            "traits": [],
            "intent": "get_messages"
        },
        {
            "text": "I need assistance",
            "entities": [],
            "traits": [],
            "intent": "get_help"
        },
        {
            "text": "I need guidance",
            "entities": [],
            "traits": [],
            "intent": "get_help"
        },
        {
            "text": "I need support",
            "entities": [],
            "traits": [],
            "intent": "get_help"
        },
        {
            "text": "I need to access my account",
            "entities": [],
            "traits": [],
            "intent": "login"
        },
        {
            "text": "I want a new account",
            "entities": [],
            "traits": [],
            "intent": "register"
        },
        {
            "text": "I want an account",
            "entities": [],
            "traits": [],
            "intent": "register"
        },
        {
            "text": "I want to be signed up",
            "entities": [],
            "traits": [],
            "intent": "register"
        },
        {
            "text": "I want to log out",
            "entities": [],
            "traits": [],
            "intent": "logout"
        },
        {
            "text": "I want to login",
            "entities": [],
            "traits": [],
            "intent": "login"
        },
        {
            "text": "I'm done, log me out",
            "entities": [],
            "traits": [],
            "intent": "logout"
        },
        {
            "text": "Identify the current use",
            "entities": [],
            "traits": [],
            "intent": "whoami"
        },
        {
            "text": "Show me the 6 latest posts in Babcock Banter",
            "entities": [
                {
                    "entity": "wit$number:number",
                    "start": 12,
                    "end": 13,
                    "body": "6",
                    "entities": []
                },
                {
                    "entity": "chatrooms:chatrooms",
                    "start": 30,
                    "end": 44,
                    "body": "Babcock Banter",
                    "entities": []
                }
            ],
            "traits": [],
            "intent": "get_messages"
        },
        {
            "text": "What are the latest messages in Witte Whispers?",
            "entities": [
                {
                    "entity": "chatrooms:chatrooms",
                    "start": 32,
                    "end": 37,
                    "body": "Witte",
                    "entities": []
                }
            ],
            "traits": [],
            "intent": "get_messages"
        },
        {
            "text": "am I logged in",
            "entities": [],
            "traits": [],
            "intent": "whoami"
        },
        {
            "text": "assist me",
            "entities": [],
            "traits": [],
            "intent": "get_help"
        },
        {
            "text": "authenticate me",
            "entities": [],
            "traits": [],
            "intent": "login"
        },
        {
            "text": "authenticate me into my user profile",
            "entities": [],
            "traits": [],
            "intent": "login"
        },
        {
            "text": "available chatrooms",
            "entities": [],
            "traits": [],
            "intent": "get_chatrooms"
        },
        {
            "text": "can you check my login status",
            "entities": [],
            "traits": [],
            "intent": "whoami"
        },
        {
            "text": "can you help me",
            "entities": [],
            "traits": [],
            "intent": "get_help"
        },
        {
            "text": "can you help me log in",
            "entities": [],
            "traits": [],
            "intent": "login"
        },
        {
            "text": "can you log me in",
            "entities": [],
            "traits": [],
            "intent": "login"
        },
        {
            "text": "check if I'm logged in",
            "entities": [],
            "traits": [],
            "intent": "whoami"
        },
        {
            "text": "could you tell me who I am logged in as",
            "entities": [],
            "traits": [],
            "intent": "whoami"
        },
        {
            "text": "create a message",
            "entities": [],
            "traits": [],
            "intent": "create_message"
        },
        {
            "text": "create a post",
            "entities": [],
            "traits": [],
            "intent": "create_message"
        },
        {
            "text": "create an account",
            "entities": [],
            "traits": [],
            "intent": "register"
        },
        {
            "text": "create and send a new message",
            "entities": [],
            "traits": [],
            "intent": "create_message"
        },
        {
            "text": "display chatrooms",
            "entities": [],
            "traits": [],
            "intent": "get_chatrooms"
        },
        {
            "text": "get 3 most recent messages in Witte Whispers",
            "entities": [
                {
                    "entity": "wit$number:number",
                    "start": 4,
                    "end": 5,
                    "body": "3",
                    "entities": []
                },
                {
                    "entity": "chatrooms:chatrooms",
                    "start": 30,
                    "end": 35,
                    "body": "Witte",
                    "entities": []
                }
            ],
            "traits": [],
            "intent": "get_messages"
        },
        {
            "text": "get all chatrooms",
            "entities": [],
            "traits": [],
            "intent": "get_chatrooms"
        },
        {
            "text": "get help",
            "entities": [],
            "traits": [],
            "intent": "get_help"
        },
        {
            "text": "get me 5 of the most recent messages",
            "entities": [
                {
                    "entity": "wit$number:number",
                    "start": 7,
                    "end": 8,
                    "body": "5",
                    "entities": []
                }
            ],
            "traits": [],
            "intent": "get_messages"
        },
        {
            "text": "get me the latest message",
            "entities": [],
            "traits": [],
            "intent": "get_messages"
        },
        {
            "text": "get me the most recent message",
            "entities": [],
            "traits": [],
            "intent": "get_messages"
        },
        {
            "text": "get the latest post",
            "entities": [],
            "traits": [],
            "intent": "get_messages"
        },
        {
            "text": "give me details about my login",
            "entities": [],
            "traits": [],
            "intent": "whoami"
        },
        {
            "text": "give me details about who I am",
            "entities": [],
            "traits": [],
            "intent": "whoami"
        },
        {
            "text": "give me the 4 latest posts",
            "entities": [
                {
                    "entity": "wit$number:number",
                    "start": 12,
                    "end": 13,
                    "body": "4",
                    "entities": []
                }
            ],
            "traits": [],
            "intent": "get_messages"
        },
        {
            "text": "help",
            "entities": [],
            "traits": [],
            "intent": "get_help"
        },
        {
            "text": "help me out",
            "entities": [],
            "traits": [],
            "intent": "get_help"
        },
        {
            "text": "let me into my profile",
            "entities": [],
            "traits": [],
            "intent": "login"
        },
        {
            "text": "list all chatrooms",
            "entities": [],
            "traits": [],
            "intent": "get_chatrooms"
        },
        {
            "text": "log in",
            "entities": [],
            "traits": [],
            "intent": "login"
        },
        {
            "text": "log into my account",
            "entities": [],
            "traits": [],
            "intent": "login"
        },
        {
            "text": "log me in",
            "entities": [],
            "traits": [],
            "intent": "login"
        },
        {
            "text": "log me out",
            "entities": [],
            "traits": [],
            "intent": "logout"
        },
        {
            "text": "log me out of my account",
            "entities": [],
            "traits": [],
            "intent": "logout"
        },
        {
            "text": "log out",
            "entities": [],
            "traits": [],
            "intent": "logout"
        },
        {
            "text": "log out of this session",
            "entities": [],
            "traits": [],
            "intent": "logout"
        },
        {
            "text": "logout",
            "entities": [],
            "traits": [],
            "intent": "logout"
        },
        {
            "text": "logout of this account",
            "entities": [],
            "traits": [],
            "intent": "logout"
        },
        {
            "text": "make a message",
            "entities": [],
            "traits": [],
            "intent": "create_message"
        },
        {
            "text": "make a message to Chadbourne Chats",
            "entities": [
                {
                    "entity": "chatrooms:chatrooms",
                    "start": 18,
                    "end": 34,
                    "body": "Chadbourne Chats",
                    "entities": []
                }
            ],
            "traits": [],
            "intent": "create_message"
        },
        {
            "text": "make a post",
            "entities": [],
            "traits": [],
            "intent": "create_message"
        },
        {
            "text": "make a post ot Babcock Banter",
            "entities": [
                {
                    "entity": "chatrooms:chatrooms",
                    "start": 15,
                    "end": 29,
                    "body": "Babcock Banter",
                    "entities": []
                }
            ],
            "traits": [],
            "intent": "create_message"
        },
        {
            "text": "make a post to Humanities Hubbub",
            "entities": [],
            "traits": [],
            "intent": "create_message"
        },
        {
            "text": "make a post to post in Witte Whispers",
            "entities": [
                {
                    "entity": "chatrooms:chatrooms",
                    "start": 23,
                    "end": 28,
                    "body": "Witte",
                    "entities": []
                }
            ],
            "traits": [],
            "intent": "create_message"
        },
        {
            "text": "messages",
            "entities": [],
            "traits": [],
            "intent": "get_messages"
        },
        {
            "text": "need help",
            "entities": [],
            "traits": [],
            "intent": "get_help"
        },
        {
            "text": "open a new account",
            "entities": [],
            "traits": [],
            "intent": "register"
        },
        {
            "text": "please remind me who I am",
            "entities": [],
            "traits": [],
            "intent": "whoami"
        },
        {
            "text": "post a message",
            "entities": [],
            "traits": [],
            "intent": "create_message"
        },
        {
            "text": "post a message to picnic point pathfinders",
            "entities": [
                {
                    "entity": "chatrooms:chatrooms",
                    "start": 18,
                    "end": 24,
                    "body": "picnic",
                    "entities": []
                }
            ],
            "traits": [],
            "intent": "create_message"
        },
        {
            "text": "post a post to Humanities Hubbub",
            "entities": [
                {
                    "entity": "chatrooms:chatrooms",
                    "start": 15,
                    "end": 32,
                    "body": "Humanities Hubbub",
                    "entities": []
                }
            ],
            "traits": [],
            "intent": "create_message"
        },
        {
            "text": "provide assistance",
            "entities": [],
            "traits": [],
            "intent": "get_help"
        },
        {
            "text": "provide support",
            "entities": [],
            "traits": [],
            "intent": "get_help"
        },
        {
            "text": "register",
            "entities": [],
            "traits": [],
            "intent": "register"
        },
        {
            "text": "register for account",
            "entities": [],
            "traits": [],
            "intent": "register"
        },
        {
            "text": "register for an account",
            "entities": [],
            "traits": [],
            "intent": "register"
        },
        {
            "text": "register me",
            "entities": [],
            "traits": [],
            "intent": "register"
        },
        {
            "text": "register me for an account",
            "entities": [],
            "traits": [],
            "intent": "register"
        },
        {
            "text": "send a message to Babcock Banter",
            "entities": [
                {
                    "entity": "chatrooms:chatrooms",
                    "start": 18,
                    "end": 32,
                    "body": "Babcock Banter",
                    "entities": []
                }
            ],
            "traits": [],
            "intent": "create_message"
        },
        {
            "text": "send something ot Chadbourne chats",
            "entities": [
                {
                    "entity": "chatrooms:chatrooms",
                    "start": 18,
                    "end": 28,
                    "body": "Chadbourne",
                    "entities": []
                }
            ],
            "traits": [],
            "intent": "create_message"
        },
        {
            "text": "set up an account",
            "entities": [],
            "traits": [],
            "intent": "register"
        },
        {
            "text": "show me 3 of the newest messages from witte",
            "entities": [
                {
                    "entity": "wit$number:number",
                    "start": 8,
                    "end": 9,
                    "body": "3",
                    "entities": []
                },
                {
                    "entity": "chatrooms:chatrooms",
                    "start": 38,
                    "end": 43,
                    "body": "witte",
                    "entities": []
                }
            ],
            "traits": [],
            "intent": "get_messages"
        },
        {
            "text": "show me the 7 newest messages",
            "entities": [
                {
                    "entity": "wit$number:number",
                    "start": 12,
                    "end": 13,
                    "body": "7",
                    "entities": []
                }
            ],
            "traits": [],
            "intent": "get_messages"
        },
        {
            "text": "show me the chatrooms",
            "entities": [],
            "traits": [],
            "intent": "get_chatrooms"
        },
        {
            "text": "sign me out",
            "entities": [],
            "traits": [],
            "intent": "logout"
        },
        {
            "text": "sign me out of this account",
            "entities": [],
            "traits": [],
            "intent": "logout"
        },
        {
            "text": "sign me out of this session",
            "entities": [],
            "traits": [],
            "intent": "logout"
        },
        {
            "text": "sign me up",
            "entities": [],
            "traits": [],
            "intent": "register"
        },
        {
            "text": "sign me up for an account",
            "entities": [],
            "traits": [],
            "intent": "register"
        },
        {
            "text": "sign off this account",
            "entities": [],
            "traits": [],
            "intent": "logout"
        },
        {
            "text": "sign out",
            "entities": [],
            "traits": [],
            "intent": "logout"
        },
        {
            "text": "sign up",
            "entities": [],
            "traits": [],
            "intent": "register"
        },
        {
            "text": "start registration",
            "entities": [],
            "traits": [],
            "intent": "register"
        },
        {
            "text": "start the registration process",
            "entities": [],
            "traits": [],
            "intent": "register"
        },
        {
            "text": "tell me my username",
            "entities": [],
            "traits": [],
            "intent": "whoami"
        },
        {
            "text": "tell me what my username is",
            "entities": [],
            "traits": [],
            "intent": "whoami"
        },
        {
            "text": "what account am I using currently",
            "entities": [],
            "traits": [],
            "intent": "whoami"
        },
        {
            "text": "what are all the chatrooms",
            "entities": [],
            "traits": [],
            "intent": "get_chatrooms"
        },
        {
            "text": "what are the 4 latest posts in Babcock Banter",
            "entities": [
                {
                    "entity": "wit$number:number",
                    "start": 13,
                    "end": 14,
                    "body": "4",
                    "entities": []
                },
                {
                    "entity": "chatrooms:chatrooms",
                    "start": 31,
                    "end": 45,
                    "body": "Babcock Banter",
                    "entities": []
                }
            ],
            "traits": [],
            "intent": "get_messages"
        },
        {
            "text": "what are the 5 latest messages in Red Gym Rendezvous?",
            "entities": [
                {
                    "entity": "chatrooms:chatrooms",
                    "start": 34,
                    "end": 52,
                    "body": "Red Gym Rendezvous",
                    "entities": []
                },
                {
                    "entity": "wit$number:number",
                    "start": 13,
                    "end": 14,
                    "body": "5",
                    "entities": []
                }
            ],
            "traits": [],
            "intent": "get_messages"
        },
        {
            "text": "what are the commands",
            "entities": [],
            "traits": [],
            "intent": "get_help"
        },
        {
            "text": "what are the newest messages",
            "entities": [],
            "traits": [],
            "intent": "get_messages"
        },
        {
            "text": "what are the options",
            "entities": [],
            "traits": [],
            "intent": "get_help"
        },
        {
            "text": "what can I ask you",
            "entities": [],
            "traits": [],
            "intent": "get_help"
        },
        {
            "text": "what can I do",
            "entities": [],
            "traits": [],
            "intent": "get_help"
        },
        {
            "text": "what chatrooms are there",
            "entities": [],
            "traits": [],
            "intent": "get_chatrooms"
        },
        {
            "text": "what chatrooms can I join",
            "entities": [],
            "traits": [],
            "intent": "get_chatrooms"
        },
        {
            "text": "what chatrooms can I use",
            "entities": [],
            "traits": [],
            "intent": "get_chatrooms"
        },
        {
            "text": "what is the most rceent post from Chadbourne Chats",
            "entities": [
                {
                    "entity": "chatrooms:chatrooms",
                    "start": 34,
                    "end": 50,
                    "body": "Chadbourne Chats",
                    "entities": []
                }
            ],
            "traits": [],
            "intent": "get_messages"
        },
        {
            "text": "what person is signed in",
            "entities": [],
            "traits": [],
            "intent": "whoami"
        },
        {
            "text": "what rooms are available",
            "entities": [],
            "traits": [],
            "intent": "get_chatrooms"
        },
        {
            "text": "where can I chat",
            "entities": [],
            "traits": [],
            "intent": "get_chatrooms"
        },
        {
            "text": "which chatrooms can I post to",
            "entities": [],
            "traits": [],
            "intent": "get_chatrooms"
        },
        {
            "text": "which chatrooms can I send a message to",
            "entities": [],
            "traits": [],
            "intent": "get_chatrooms"
        },
        {
            "text": "who am I",
            "entities": [],
            "traits": [],
            "intent": "whoami"
        },
        {
            "text": "who am I currently signed in as",
            "entities": [],
            "traits": [],
            "intent": "whoami"
        },
        {
            "text": "who am I logged in as",
            "entities": [],
            "traits": [],
            "intent": "whoami"
        },
        {
            "text": "who am i logged in as",
            "entities": [],
            "traits": [],
            "intent": "whoami"
        },
        {
            "text": "who does this account belong to",
            "entities": [],
            "traits": [],
            "intent": "whoami"
        },
        {
            "text": "who is currently signed in",
            "entities": [],
            "traits": [],
            "intent": "whoami"
        },
        {
            "text": "who is the current user",
            "entities": [],
            "traits": [],
            "intent": "whoami"
        },
        {
            "text": "who is using this account",
            "entities": [],
            "traits": [],
            "intent": "whoami"
        },
        {
            "text": "write a message",
            "entities": [],
            "traits": [],
            "intent": "create_message"
        },
        {
            "text": "write a new message to union south socials",
            "entities": [],
            "traits": [],
            "intent": "create_message"
        },
        {
            "text": "write a post to Bascom Hill Hangout",
            "entities": [
                {
                    "entity": "chatrooms:chatrooms",
                    "start": 16,
                    "end": 35,
                    "body": "Bascom Hill Hangout",
                    "entities": []
                }
            ],
            "traits": [],
            "intent": "create_message"
        },
        {
            "text": "write something to Memorial Union Meetups",
            "entities": [
                {
                    "entity": "chatrooms:chatrooms",
                    "start": 19,
                    "end": 41,
                    "body": "Memorial Union Meetups",
                    "entities": []
                }
            ],
            "traits": [],
            "intent": "create_message"
        },
        {
            "text": "write something to a chatroom",
            "entities": [],
            "traits": [],
            "intent": "create_message"
        }
    ]
}
