{
    "name": "chatrooms",
    "roles": [
        "chatrooms"
    ],
    "lookups": [
        "free-text",
        "keywords"
    ],
    "keywords": [
        {
            "keyword": "Babcock Banter",
            "synonyms": [
                "babcock",
                "babcock banter"
            ]
        },
        {
            "keyword": "Bascom Hill Hangout",
            "synonyms": [
                "bascom",
                "bascom hill",
                "bascom hill hangout"
            ]
        },
        {
            "keyword": "Chadbourne Chats",
            "synonyms": [
                "chadbourne",
                "chadbourne chats"
            ]
        },
        {
            "keyword": "Humanities Hubbub",
            "synonyms": [
                "humanities",
                "humanities hubbub"
            ]
        },
        {
            "keyword": "Memorial Union Meetups",
            "synonyms": [
                "memorial union",
                "memorial union meetups"
            ]
        },
        {
            "keyword": "Red Gym Rendezvous",
            "synonyms": [
                "red gym",
                "red gym rendezvous"
            ]
        },
        {
            "keyword": "Witte Whispers",
            "synonyms": [
                "Witte Whispers",
                "witte"
            ]
        },
        {
            "keyword": "picnic",
            "synonyms": [
                "picnic"
            ]
        }
    ]
}
